time,lon,lat,pre
1901-01-16,-73.75,4.75,11.1
1901-02-15,-73.75,4.75,34.3
1901-03-16,-73.75,4.75,48.4
1901-04-16,-73.75,4.75,46.4
1901-05-16,-73.75,4.75,87.200005
1901-06-16,-73.75,4.75,35.8
1901-07-16,-73.75,4.75,211.90001
1901-08-16,-73.75,4.75,258.0
1901-09-16,-73.75,4.75,54.0
1901-10-16,-73.75,4.75,168.40001
1901-11-16,-73.75,4.75,158.40001
1901-12-16,-73.75,4.75,35.9
1902-01-16,-73.75,4.75,67.9
1902-02-15,-73.75,4.75,26.0
1902-03-16,-73.75,4.75,132.3
1902-04-16,-73.75,4.75,86.6
1902-05-16,-73.75,4.75,61.0
1902-06-16,-73.75,4.75,52.5
1902-07-16,-73.75,4.75,36.9
1902-08-16,-73.75,4.75,60.0
1902-09-16,-73.75,4.75,65.5
1902-10-16,-73.75,4.75,72.6
1902-11-16,-73.75,4.75,80.1
1902-12-16,-73.75,4.75,16.9
1903-01-16,-73.75,4.75,18.300001
1903-02-15,-73.75,4.75,27.800001
1903-03-16,-73.75,4.75,26.4
1903-04-16,-73.75,4.75,100.700005
1903-05-16,-73.75,4.75,90.8
1903-06-16,-73.75,4.75,239.3
1903-07-16,-73.75,4.75,38.4
1903-08-16,-73.75,4.75,249.8
1903-09-16,-73.75,4.75,52.9
1903-10-16,-73.75,4.75,55.600002
1903-11-16,-73.75,4.75,111.4
1903-12-16,-73.75,4.75,65.5
1904-01-16,-73.75,4.75,28.4
1904-02-15,-73.75,4.75,47.8
1904-03-16,-73.75,4.75,134.2
1904-04-16,-73.75,4.75,173.0
1904-05-16,-73.75,4.75,137.6
1904-06-16,-73.75,4.75,49.4
1904-07-16,-73.75,4.75,130.0
1904-08-16,-73.75,4.75,73.200005
1904-09-16,-73.75,4.75,45.7
1904-10-16,-73.75,4.75,134.40001
1904-11-16,-73.75,4.75,25.5
1904-12-16,-73.75,4.75,16.6
1905-01-16,-73.75,4.75,38.5
1905-02-15,-73.75,4.75,10.400001
1905-03-16,-73.75,4.75,40.3
1905-04-16,-73.75,4.75,110.9
1905-05-16,-73.75,4.75,113.4
1905-06-16,-73.75,4.75,108.3
1905-07-16,-73.75,4.75,87.9
1905-08-16,-73.75,4.75,36.100002
1905-09-16,-73.75,4.75,125.3
1905-10-16,-73.75,4.75,110.5
1905-11-16,-73.75,4.75,148.0
1905-12-16,-73.75,4.75,90.200005
1906-01-16,-73.75,4.75,11.8
1906-02-15,-73.75,4.75,49.2
1906-03-16,-73.75,4.75,48.7
1906-04-16,-73.75,4.75,176.7
1906-05-16,-73.75,4.75,127.0
1906-06-16,-73.75,4.75,182.1
1906-07-16,-73.75,4.75,176.2
1906-08-16,-73.75,4.75,82.1
1906-09-16,-73.75,4.75,14.6
1906-10-16,-73.75,4.75,118.1
1906-11-16,-73.75,4.75,74.0
1906-12-16,-73.75,4.75,31.0
1907-01-16,-73.75,4.75,17.7
1907-02-15,-73.75,4.75,79.0
1907-03-16,-73.75,4.75,172.90001
1907-04-16,-73.75,4.75,191.1
1907-05-16,-73.75,4.75,105.6
1907-06-16,-73.75,4.75,136.6
1907-07-16,-73.75,4.75,258.5
1907-08-16,-73.75,4.75,91.200005
1907-09-16,-73.75,4.75,96.3
1907-10-16,-73.75,4.75,91.5
1907-11-16,-73.75,4.75,67.700005
1907-12-16,-73.75,4.75,42.3
1908-01-16,-73.75,4.75,46.0
1908-02-15,-73.75,4.75,37.5
1908-03-16,-73.75,4.75,100.5
1908-04-16,-73.75,4.75,88.5
1908-05-16,-73.75,4.75,40.8
1908-06-16,-73.75,4.75,73.3
1908-07-16,-73.75,4.75,145.40001
1908-08-16,-73.75,4.75,133.40001
1908-09-16,-73.75,4.75,103.4
1908-10-16,-73.75,4.75,232.5
1908-11-16,-73.75,4.75,79.6
1908-12-16,-73.75,4.75,74.4
1909-01-16,-73.75,4.75,24.1
1909-02-15,-73.75,4.75,80.8
1909-03-16,-73.75,4.75,7.6
1909-04-16,-73.75,4.75,112.5
1909-05-16,-73.75,4.75,162.2
1909-06-16,-73.75,4.75,158.0
1909-07-16,-73.75,4.75,329.1
1909-08-16,-73.75,4.75,140.8
1909-09-16,-73.75,4.75,61.600002
1909-10-16,-73.75,4.75,96.3
1909-11-16,-73.75,4.75,65.9
1909-12-16,-73.75,4.75,33.5
1910-01-16,-73.75,4.75,79.9
1910-02-15,-73.75,4.75,36.2
1910-03-16,-73.75,4.75,182.6
1910-04-16,-73.75,4.75,78.700005
1910-05-16,-73.75,4.75,282.7
1910-06-16,-73.75,4.75,189.7
1910-07-16,-73.75,4.75,125.0
1910-08-16,-73.75,4.75,75.1
1910-09-16,-73.75,4.75,103.4
1910-10-16,-73.75,4.75,181.8
1910-11-16,-73.75,4.75,59.0
1910-12-16,-73.75,4.75,76.200005
1911-01-16,-73.75,4.75,28.6
1911-02-15,-73.75,4.75,90.4
1911-03-16,-73.75,4.75,76.6
1911-04-16,-73.75,4.75,177.2
1911-05-16,-73.75,4.75,124.3
1911-06-16,-73.75,4.75,112.5
1911-07-16,-73.75,4.75,131.90001
1911-08-16,-73.75,4.75,44.600002
1911-09-16,-73.75,4.75,7.9
1911-10-16,-73.75,4.75,40.2
1911-11-16,-73.75,4.75,65.5
1911-12-16,-73.75,4.75,22.6
1912-01-16,-73.75,4.75,31.5
1912-02-15,-73.75,4.75,40.7
1912-03-16,-73.75,4.75,44.9
1912-04-16,-73.75,4.75,103.200005
1912-05-16,-73.75,4.75,61.9
1912-06-16,-73.75,4.75,59.4
1912-07-16,-73.75,4.75,173.2
1912-08-16,-73.75,4.75,273.9
1912-09-16,-73.75,4.75,76.3
1912-10-16,-73.75,4.75,86.6
1912-11-16,-73.75,4.75,143.3
1912-12-16,-73.75,4.75,55.3
1913-01-16,-73.75,4.75,12.0
1913-02-15,-73.75,4.75,23.6
1913-03-16,-73.75,4.75,66.200005
1913-04-16,-73.75,4.75,241.6
1913-05-16,-73.75,4.75,117.200005
1913-06-16,-73.75,4.75,104.3
1913-07-16,-73.75,4.75,64.700005
1913-08-16,-73.75,4.75,44.3
1913-09-16,-73.75,4.75,235.40001
1913-10-16,-73.75,4.75,110.3
1913-11-16,-73.75,4.75,102.4
1913-12-16,-73.75,4.75,52.100002
1914-01-16,-73.75,4.75,17.800001
1914-02-15,-73.75,4.75,21.1
1914-03-16,-73.75,4.75,19.6
1914-04-16,-73.75,4.75,170.0
1914-05-16,-73.75,4.75,25.5
1914-06-16,-73.75,4.75,49.2
1914-07-16,-73.75,4.75,48.9
1914-08-16,-73.75,4.75,96.3
1914-09-16,-73.75,4.75,18.2
1914-10-16,-73.75,4.75,118.200005
1914-11-16,-73.75,4.75,160.1
1914-12-16,-73.75,4.75,63.7
1915-01-16,-73.75,4.75,25.2
1915-02-15,-73.75,4.75,60.100002
1915-03-16,-73.75,4.75,24.300001
1915-04-16,-73.75,4.75,133.5
1915-05-16,-73.75,4.75,159.6
1915-06-16,-73.75,4.75,148.7
1915-07-16,-73.75,4.75,186.0
1915-08-16,-73.75,4.75,274.80002
1915-09-16,-73.75,4.75,61.3
1915-10-16,-73.75,4.75,128.8
1915-11-16,-73.75,4.75,78.4
1915-12-16,-73.75,4.75,37.5
1916-01-16,-73.75,4.75,27.300001
1916-02-15,-73.75,4.75,22.1
1916-03-16,-73.75,4.75,104.4
1916-04-16,-73.75,4.75,150.8
1916-05-16,-73.75,4.75,40.100002
1916-06-16,-73.75,4.75,246.90001
1916-07-16,-73.75,4.75,166.1
1916-08-16,-73.75,4.75,117.5
1916-09-16,-73.75,4.75,64.700005
1916-10-16,-73.75,4.75,121.5
1916-11-16,-73.75,4.75,59.7
1916-12-16,-73.75,4.75,42.3
1917-01-16,-73.75,4.75,61.4
1917-02-15,-73.75,4.75,42.3
1917-03-16,-73.75,4.75,100.6
1917-04-16,-73.75,4.75,196.5
1917-05-16,-73.75,4.75,225.40001
1917-06-16,-73.75,4.75,151.8
1917-07-16,-73.75,4.75,148.1
1917-08-16,-73.75,4.75,233.0
1917-09-16,-73.75,4.75,59.0
1917-10-16,-73.75,4.75,64.0
1917-11-16,-73.75,4.75,115.4
1917-12-16,-73.75,4.75,52.0
1918-01-16,-73.75,4.75,36.7
1918-02-15,-73.75,4.75,41.7
1918-03-16,-73.75,4.75,75.9
1918-04-16,-73.75,4.75,236.5
1918-05-16,-73.75,4.75,116.200005
1918-06-16,-73.75,4.75,52.5
1918-07-16,-73.75,4.75,79.700005
1918-08-16,-73.75,4.75,44.600002
1918-09-16,-73.75,4.75,45.0
1918-10-16,-73.75,4.75,145.2
1918-11-16,-73.75,4.75,137.3
1918-12-16,-73.75,4.75,10.900001
1919-01-16,-73.75,4.75,34.100002
1919-02-15,-73.75,4.75,21.0
1919-03-16,-73.75,4.75,37.2
1919-04-16,-73.75,4.75,118.700005
1919-05-16,-73.75,4.75,88.0
1919-06-16,-73.75,4.75,119.0
1919-07-16,-73.75,4.75,225.1
1919-08-16,-73.75,4.75,137.0
1919-09-16,-73.75,4.75,131.7
1919-10-16,-73.75,4.75,56.600002
1919-11-16,-73.75,4.75,89.9
1919-12-16,-73.75,4.75,69.4
1920-01-16,-73.75,4.75,17.2
1920-02-15,-73.75,4.75,47.100002
1920-03-16,-73.75,4.75,48.5
1920-04-16,-73.75,4.75,56.600002
1920-05-16,-73.75,4.75,234.40001
1920-06-16,-73.75,4.75,90.700005
1920-07-16,-73.75,4.75,335.5
1920-08-16,-73.75,4.75,102.1
1920-09-16,-73.75,4.75,93.8
1920-10-16,-73.75,4.75,200.8
1920-11-16,-73.75,4.75,28.7
1920-12-16,-73.75,4.75,51.0
1921-01-16,-73.75,4.75,55.100002
1921-02-15,-73.75,4.75,72.5
1921-03-16,-73.75,4.75,198.6
1921-04-16,-73.75,4.75,136.3
1921-05-16,-73.75,4.75,234.8
1921-06-16,-73.75,4.75,196.2
1921-07-16,-73.75,4.75,261.5
1921-08-16,-73.75,4.75,68.9
1921-09-16,-73.75,4.75,140.90001
1921-10-16,-73.75,4.75,164.7
1921-11-16,-73.75,4.75,44.7
1921-12-16,-73.75,4.75,78.1
1922-01-16,-73.75,4.75,1.3000001
1922-02-15,-73.75,4.75,71.5
1922-03-16,-73.75,4.75,139.1
1922-04-16,-73.75,4.75,84.200005
1922-05-16,-73.75,4.75,127.6
1922-06-16,-73.75,4.75,339.2
1922-07-16,-73.75,4.75,125.0
1922-08-16,-73.75,4.75,19.300001
1922-09-16,-73.75,4.75,43.600002
1922-10-16,-73.75,4.75,82.5
1922-11-16,-73.75,4.75,86.200005
1922-12-16,-73.75,4.75,57.0
1923-01-16,-73.75,4.75,4.2000003
1923-02-15,-73.75,4.75,7.7000003
1923-03-16,-73.75,4.75,42.100002
1923-04-16,-73.75,4.75,71.3
1923-05-16,-73.75,4.75,109.9
1923-06-16,-73.75,4.75,63.7
1923-07-16,-73.75,4.75,201.0
1923-08-16,-73.75,4.75,132.90001
1923-09-16,-73.75,4.75,23.9
1923-10-16,-73.75,4.75,75.5
1923-11-16,-73.75,4.75,43.600002
1923-12-16,-73.75,4.75,70.9
1924-01-16,-73.75,4.75,0.0
1924-02-15,-73.75,4.75,2.4
1924-03-16,-73.75,4.75,45.5
1924-04-16,-73.75,4.75,42.600002
1924-05-16,-73.75,4.75,94.8
1924-06-16,-73.75,4.75,161.6
1924-07-16,-73.75,4.75,179.6
1924-08-16,-73.75,4.75,50.8
1924-09-16,-73.75,4.75,80.0
1924-10-16,-73.75,4.75,129.7
1924-11-16,-73.75,4.75,183.5
1924-12-16,-73.75,4.75,69.5
1925-01-16,-73.75,4.75,31.9
1925-02-15,-73.75,4.75,57.100002
1925-03-16,-73.75,4.75,125.5
1925-04-16,-73.75,4.75,237.1
1925-05-16,-73.75,4.75,90.8
1925-06-16,-73.75,4.75,108.0
1925-07-16,-73.75,4.75,156.0
1925-08-16,-73.75,4.75,125.3
1925-09-16,-73.75,4.75,103.0
1925-10-16,-73.75,4.75,67.6
1925-11-16,-73.75,4.75,74.9
1925-12-16,-73.75,4.75,21.1
1926-01-16,-73.75,4.75,2.2
1926-02-15,-73.75,4.75,22.1
1926-03-16,-73.75,4.75,34.9
1926-04-16,-73.75,4.75,48.2
1926-05-16,-73.75,4.75,83.9
1926-06-16,-73.75,4.75,210.5
1926-07-16,-73.75,4.75,137.40001
1926-08-16,-73.75,4.75,126.6
1926-09-16,-73.75,4.75,62.8
1926-10-16,-73.75,4.75,164.6
1926-11-16,-73.75,4.75,93.8
1926-12-16,-73.75,4.75,83.8
1927-01-16,-73.75,4.75,34.2
1927-02-15,-73.75,4.75,42.9
1927-03-16,-73.75,4.75,78.5
1927-04-16,-73.75,4.75,112.0
1927-05-16,-73.75,4.75,156.40001
1927-06-16,-73.75,4.75,136.1
1927-07-16,-73.75,4.75,189.8
1927-08-16,-73.75,4.75,126.8
1927-09-16,-73.75,4.75,114.4
1927-10-16,-73.75,4.75,115.4
1927-11-16,-73.75,4.75,90.6
1927-12-16,-73.75,4.75,38.600002
1928-01-16,-73.75,4.75,19.300001
1928-02-15,-73.75,4.75,33.5
1928-03-16,-73.75,4.75,83.3
1928-04-16,-73.75,4.75,86.1
1928-05-16,-73.75,4.75,130.90001
1928-06-16,-73.75,4.75,141.90001
1928-07-16,-73.75,4.75,195.5
1928-08-16,-73.75,4.75,92.3
1928-09-16,-73.75,4.75,65.0
1928-10-16,-73.75,4.75,60.8
1928-11-16,-73.75,4.75,155.40001
1928-12-16,-73.75,4.75,76.4
1929-01-16,-73.75,4.75,1.9
1929-02-15,-73.75,4.75,1.7
1929-03-16,-73.75,4.75,79.0
1929-04-16,-73.75,4.75,144.90001
1929-05-16,-73.75,4.75,160.5
1929-06-16,-73.75,4.75,159.40001
1929-07-16,-73.75,4.75,146.7
1929-08-16,-73.75,4.75,57.600002
1929-09-16,-73.75,4.75,69.6
1929-10-16,-73.75,4.75,86.1
1929-11-16,-73.75,4.75,46.9
1929-12-16,-73.75,4.75,9.6
1930-01-16,-73.75,4.75,43.2
1930-02-15,-73.75,4.75,43.8
1930-03-16,-73.75,4.75,81.200005
1930-04-16,-73.75,4.75,113.9
1930-05-16,-73.75,4.75,78.5
1930-06-16,-73.75,4.75,187.0
1930-07-16,-73.75,4.75,214.6
1930-08-16,-73.75,4.75,99.200005
1930-09-16,-73.75,4.75,68.3
1930-10-16,-73.75,4.75,117.9
1930-11-16,-73.75,4.75,48.2
1930-12-16,-73.75,4.75,31.6
1931-01-16,-73.75,4.75,17.300001
1931-02-15,-73.75,4.75,49.5
1931-03-16,-73.75,4.75,50.4
1931-04-16,-73.75,4.75,93.6
1931-05-16,-73.75,4.75,128.0
1931-06-16,-73.75,4.75,174.8
1931-07-16,-73.75,4.75,257.80002
1931-08-16,-73.75,4.75,77.3
1931-09-16,-73.75,4.75,96.200005
1931-10-16,-73.75,4.75,112.4
1931-11-16,-73.75,4.75,132.5
1931-12-16,-73.75,4.75,65.1
1932-01-16,-73.75,4.75,57.8
1932-02-15,-73.75,4.75,34.3
1932-03-16,-73.75,4.75,28.5
1932-04-16,-73.75,4.75,64.3
1932-05-16,-73.75,4.75,125.1
1932-06-16,-73.75,4.75,111.4
1932-07-16,-73.75,4.75,160.8
1932-08-16,-73.75,4.75,67.6
1932-09-16,-73.75,4.75,103.3
1932-10-16,-73.75,4.75,147.3
1932-11-16,-73.75,4.75,132.90001
1932-12-16,-73.75,4.75,55.600002
1933-01-16,-73.75,4.75,25.800001
1933-02-15,-73.75,4.75,8.7
1933-03-16,-73.75,4.75,80.5
1933-04-16,-73.75,4.75,180.90001
1933-05-16,-73.75,4.75,137.90001
1933-06-16,-73.75,4.75,165.8
1933-07-16,-73.75,4.75,108.3
1933-08-16,-73.75,4.75,102.9
1933-09-16,-73.75,4.75,70.1
1933-10-16,-73.75,4.75,118.4
1933-11-16,-73.75,4.75,162.6
1933-12-16,-73.75,4.75,65.4
1934-01-16,-73.75,4.75,29.9
1934-02-15,-73.75,4.75,58.2
1934-03-16,-73.75,4.75,78.200005
1934-04-16,-73.75,4.75,38.9
1934-05-16,-73.75,4.75,155.7
1934-06-16,-73.75,4.75,126.5
1934-07-16,-73.75,4.75,186.90001
1934-08-16,-73.75,4.75,66.6
1934-09-16,-73.75,4.75,57.600002
1934-10-16,-73.75,4.75,134.90001
1934-11-16,-73.75,4.75,120.3
1934-12-16,-73.75,4.75,36.4
1935-01-16,-73.75,4.75,52.7
1935-02-15,-73.75,4.75,72.3
1935-03-16,-73.75,4.75,108.6
1935-04-16,-73.75,4.75,122.700005
1935-05-16,-73.75,4.75,102.9
1935-06-16,-73.75,4.75,168.40001
1935-07-16,-73.75,4.75,224.1
1935-08-16,-73.75,4.75,166.1
1935-09-16,-73.75,4.75,78.3
1935-10-16,-73.75,4.75,101.5
1935-11-16,-73.75,4.75,215.1
1935-12-16,-73.75,4.75,12.5
1936-01-16,-73.75,4.75,26.6
1936-02-15,-73.75,4.75,23.7
1936-03-16,-73.75,4.75,71.9
1936-04-16,-73.75,4.75,55.9
1936-05-16,-73.75,4.75,140.5
1936-06-16,-73.75,4.75,163.8
1936-07-16,-73.75,4.75,157.2
1936-08-16,-73.75,4.75,124.5
1936-09-16,-73.75,4.75,50.4
1936-10-16,-73.75,4.75,124.8
1936-11-16,-73.75,4.75,56.8
1936-12-16,-73.75,4.75,82.6
1937-01-16,-73.75,4.75,57.600002
1937-02-15,-73.75,4.75,46.100002
1937-03-16,-73.75,4.75,90.200005
1937-04-16,-73.75,4.75,48.0
1937-05-16,-73.75,4.75,116.6
1937-06-16,-73.75,4.75,87.1
1937-07-16,-73.75,4.75,183.7
1937-08-16,-73.75,4.75,74.1
1937-09-16,-73.75,4.75,120.3
1937-10-16,-73.75,4.75,104.0
1937-11-16,-73.75,4.75,107.4
1937-12-16,-73.75,4.75,59.4
1938-01-16,-73.75,4.75,58.3
1938-02-15,-73.75,4.75,28.800001
1938-03-16,-73.75,4.75,125.8
1938-04-16,-73.75,4.75,218.40001
1938-05-16,-73.75,4.75,174.2
1938-06-16,-73.75,4.75,88.0
1938-07-16,-73.75,4.75,210.6
1938-08-16,-73.75,4.75,131.2
1938-09-16,-73.75,4.75,37.100002
1938-10-16,-73.75,4.75,178.1
1938-11-16,-73.75,4.75,127.5
1938-12-16,-73.75,4.75,74.3
1939-01-16,-73.75,4.75,13.400001
1939-02-15,-73.75,4.75,7.6
1939-03-16,-73.75,4.75,68.6
1939-04-16,-73.75,4.75,54.8
1939-05-16,-73.75,4.75,90.5
1939-06-16,-73.75,4.75,128.90001
1939-07-16,-73.75,4.75,160.7
1939-08-16,-73.75,4.75,81.0
1939-09-16,-73.75,4.75,41.9
1939-10-16,-73.75,4.75,137.6
1939-11-16,-73.75,4.75,64.200005
1939-12-16,-73.75,4.75,45.0
1940-01-16,-73.75,4.75,32.600002
1940-02-15,-73.75,4.75,32.0
1940-03-16,-73.75,4.75,21.4
1940-04-16,-73.75,4.75,57.7
1940-05-16,-73.75,4.75,98.1
1940-06-16,-73.75,4.75,94.700005
1940-07-16,-73.75,4.75,91.9
1940-08-16,-73.75,4.75,62.8
1940-09-16,-73.75,4.75,49.2
1940-10-16,-73.75,4.75,132.6
1940-11-16,-73.75,4.75,155.40001
1940-12-16,-73.75,4.75,50.600002
1941-01-16,-73.75,4.75,33.8
1941-02-15,-73.75,4.75,33.7
1941-03-16,-73.75,4.75,19.9
1941-04-16,-73.75,4.75,53.2
1941-05-16,-73.75,4.75,34.2
1941-06-16,-73.75,4.75,68.1
1941-07-16,-73.75,4.75,62.9
1941-08-16,-73.75,4.75,72.4
1941-09-16,-73.75,4.75,55.3
1941-10-16,-73.75,4.75,55.100002
1941-11-16,-73.75,4.75,72.6
1941-12-16,-73.75,4.75,26.2
1942-01-16,-73.75,4.75,24.9
1942-02-15,-73.75,4.75,36.8
1942-03-16,-73.75,4.75,48.8
1942-04-16,-73.75,4.75,92.0
1942-05-16,-73.75,4.75,127.0
1942-06-16,-73.75,4.75,101.1
1942-07-16,-73.75,4.75,91.5
1942-08-16,-73.75,4.75,64.200005
1942-09-16,-73.75,4.75,55.8
1942-10-16,-73.75,4.75,97.4
1942-11-16,-73.75,4.75,59.100002
1942-12-16,-73.75,4.75,49.7
1943-01-16,-73.75,4.75,61.4
1943-02-15,-73.75,4.75,46.4
1943-03-16,-73.75,4.75,53.100002
1943-04-16,-73.75,4.75,119.700005
1943-05-16,-73.75,4.75,90.200005
1943-06-16,-73.75,4.75,156.8
1943-07-16,-73.75,4.75,120.0
1943-08-16,-73.75,4.75,155.1
1943-09-16,-73.75,4.75,37.7
1943-10-16,-73.75,4.75,119.5
1943-11-16,-73.75,4.75,100.4
1943-12-16,-73.75,4.75,45.2
1944-01-16,-73.75,4.75,18.5
1944-02-15,-73.75,4.75,30.2
1944-03-16,-73.75,4.75,48.5
1944-04-16,-73.75,4.75,75.9
1944-05-16,-73.75,4.75,149.7
1944-06-16,-73.75,4.75,171.8
1944-07-16,-73.75,4.75,56.0
1944-08-16,-73.75,4.75,66.3
1944-09-16,-73.75,4.75,36.3
1944-10-16,-73.75,4.75,140.7
1944-11-16,-73.75,4.75,55.4
1944-12-16,-73.75,4.75,41.7
1945-01-16,-73.75,4.75,10.2
1945-02-15,-73.75,4.75,28.6
1945-03-16,-73.75,4.75,23.4
1945-04-16,-73.75,4.75,125.5
1945-05-16,-73.75,4.75,179.90001
1945-06-16,-73.75,4.75,45.7
1945-07-16,-73.75,4.75,102.700005
1945-08-16,-73.75,4.75,86.9
1945-09-16,-73.75,4.75,41.4
1945-10-16,-73.75,4.75,99.6
1945-11-16,-73.75,4.75,148.40001
1945-12-16,-73.75,4.75,68.8
1946-01-16,-73.75,4.75,48.600002
1946-02-15,-73.75,4.75,31.5
1946-03-16,-73.75,4.75,52.0
1946-04-16,-73.75,4.75,115.8
1946-05-16,-73.75,4.75,87.3
1946-06-16,-73.75,4.75,40.5
1946-07-16,-73.75,4.75,93.700005
1946-08-16,-73.75,4.75,60.0
1946-09-16,-73.75,4.75,34.100002
1946-10-16,-73.75,4.75,103.8
1946-11-16,-73.75,4.75,86.8
1946-12-16,-73.75,4.75,33.600002
1947-01-16,-73.75,4.75,35.7
1947-02-15,-73.75,4.75,32.3
1947-03-16,-73.75,4.75,36.9
1947-04-16,-73.75,4.75,43.5
1947-05-16,-73.75,4.75,102.200005
1947-06-16,-73.75,4.75,136.3
1947-07-16,-73.75,4.75,230.8
1947-08-16,-73.75,4.75,113.0
1947-09-16,-73.75,4.75,105.4
1947-10-16,-73.75,4.75,162.2
1947-11-16,-73.75,4.75,49.5
1947-12-16,-73.75,4.75,20.6
1948-01-16,-73.75,4.75,6.6
1948-02-15,-73.75,4.75,20.7
1948-03-16,-73.75,4.75,38.600002
1948-04-16,-73.75,4.75,172.40001
1948-05-16,-73.75,4.75,101.5
1948-06-16,-73.75,4.75,76.6
1948-07-16,-73.75,4.75,94.4
1948-08-16,-73.75,4.75,71.3
1948-09-16,-73.75,4.75,92.4
1948-10-16,-73.75,4.75,78.0
1948-11-16,-73.75,4.75,65.200005
1948-12-16,-73.75,4.75,34.4
1949-01-16,-73.75,4.75,15.0
1949-02-15,-73.75,4.75,19.800001
1949-03-16,-73.75,4.75,73.0
1949-04-16,-73.75,4.75,60.5
1949-05-16,-73.75,4.75,122.9
1949-06-16,-73.75,4.75,172.8
1949-07-16,-73.75,4.75,159.3
1949-08-16,-73.75,4.75,120.3
1949-09-16,-73.75,4.75,77.6
1949-10-16,-73.75,4.75,127.4
1949-11-16,-73.75,4.75,66.8
1949-12-16,-73.75,4.75,29.800001
1950-01-16,-73.75,4.75,31.7
1950-02-15,-73.75,4.75,64.200005
1950-03-16,-73.75,4.75,73.9
1950-04-16,-73.75,4.75,125.8
1950-05-16,-73.75,4.75,175.90001
1950-06-16,-73.75,4.75,220.0
1950-07-16,-73.75,4.75,120.6
1950-08-16,-73.75,4.75,139.40001
1950-09-16,-73.75,4.75,95.4
1950-10-16,-73.75,4.75,107.3
1950-11-16,-73.75,4.75,86.0
1950-12-16,-73.75,4.75,65.4
1951-01-16,-73.75,4.75,33.4
1951-02-15,-73.75,4.75,90.0
1951-03-16,-73.75,4.75,58.8
1951-04-16,-73.75,4.75,129.2
1951-05-16,-73.75,4.75,116.200005
1951-06-16,-73.75,4.75,118.1
1951-07-16,-73.75,4.75,115.200005
1951-08-16,-73.75,4.75,87.0
1951-09-16,-73.75,4.75,48.100002
1951-10-16,-73.75,4.75,109.700005
1951-11-16,-73.75,4.75,103.4
1951-12-16,-73.75,4.75,46.9
1952-01-16,-73.75,4.75,29.6
1952-02-15,-73.75,4.75,16.6
1952-03-16,-73.75,4.75,47.2
1952-04-16,-73.75,4.75,155.90001
1952-05-16,-73.75,4.75,131.3
1952-06-16,-73.75,4.75,118.200005
1952-07-16,-73.75,4.75,169.0
1952-08-16,-73.75,4.75,75.200005
1952-09-16,-73.75,4.75,66.700005
1952-10-16,-73.75,4.75,52.100002
1952-11-16,-73.75,4.75,139.0
1952-12-16,-73.75,4.75,59.2
1953-01-16,-73.75,4.75,28.300001
1953-02-15,-73.75,4.75,32.9
1953-03-16,-73.75,4.75,65.200005
1953-04-16,-73.75,4.75,95.700005
1953-05-16,-73.75,4.75,164.3
1953-06-16,-73.75,4.75,171.3
1953-07-16,-73.75,4.75,88.6
1953-08-16,-73.75,4.75,22.2
1953-09-16,-73.75,4.75,133.2
1953-10-16,-73.75,4.75,141.7
1953-11-16,-73.75,4.75,111.5
1953-12-16,-73.75,4.75,50.600002
1954-01-16,-73.75,4.75,24.0
1954-02-15,-73.75,4.75,46.4
1954-03-16,-73.75,4.75,54.3
1954-04-16,-73.75,4.75,116.4
1954-05-16,-73.75,4.75,137.40001
1954-06-16,-73.75,4.75,158.3
1954-07-16,-73.75,4.75,166.2
1954-08-16,-73.75,4.75,80.200005
1954-09-16,-73.75,4.75,47.100002
1954-10-16,-73.75,4.75,152.90001
1954-11-16,-73.75,4.75,101.700005
1954-12-16,-73.75,4.75,65.4
1955-01-16,-73.75,4.75,26.6
1955-02-15,-73.75,4.75,54.2
1955-03-16,-73.75,4.75,83.6
1955-04-16,-73.75,4.75,157.7
1955-05-16,-73.75,4.75,103.200005
1955-06-16,-73.75,4.75,197.8
1955-07-16,-73.75,4.75,203.6
1955-08-16,-73.75,4.75,88.6
1955-09-16,-73.75,4.75,98.3
1955-10-16,-73.75,4.75,154.0
1955-11-16,-73.75,4.75,93.8
1955-12-16,-73.75,4.75,68.6
1956-01-16,-73.75,4.75,49.8
1956-02-15,-73.75,4.75,83.0
1956-03-16,-73.75,4.75,84.0
1956-04-16,-73.75,4.75,92.1
1956-05-16,-73.75,4.75,127.6
1956-06-16,-73.75,4.75,165.5
1956-07-16,-73.75,4.75,103.1
1956-08-16,-73.75,4.75,94.0
1956-09-16,-73.75,4.75,85.5
1956-10-16,-73.75,4.75,163.1
1956-11-16,-73.75,4.75,65.3
1956-12-16,-73.75,4.75,78.700005
1957-01-16,-73.75,4.75,10.3
1957-02-15,-73.75,4.75,33.0
1957-03-16,-73.75,4.75,83.4
1957-04-16,-73.75,4.75,129.8
1957-05-16,-73.75,4.75,202.3
1957-06-16,-73.75,4.75,72.3
1957-07-16,-73.75,4.75,89.3
1957-08-16,-73.75,4.75,64.4
1957-09-16,-73.75,4.75,77.6
1957-10-16,-73.75,4.75,146.2
1957-11-16,-73.75,4.75,66.6
1957-12-16,-73.75,4.75,27.5
1958-01-16,-73.75,4.75,15.5
1958-02-15,-73.75,4.75,24.800001
1958-03-16,-73.75,4.75,35.2
1958-04-16,-73.75,4.75,100.200005
1958-05-16,-73.75,4.75,109.1
1958-06-16,-73.75,4.75,71.700005
1958-07-16,-73.75,4.75,59.3
1958-08-16,-73.75,4.75,96.1
1958-09-16,-73.75,4.75,33.0
1958-10-16,-73.75,4.75,100.5
1958-11-16,-73.75,4.75,78.8
1958-12-16,-73.75,4.75,51.4
1959-01-16,-73.75,4.75,13.2
1959-02-15,-73.75,4.75,9.900001
1959-03-16,-73.75,4.75,28.0
1959-04-16,-73.75,4.75,70.700005
1959-05-16,-73.75,4.75,234.0
1959-06-16,-73.75,4.75,204.1
1959-07-16,-73.75,4.75,200.6
1959-08-16,-73.75,4.75,101.9
1959-09-16,-73.75,4.75,46.3
1959-10-16,-73.75,4.75,113.1
1959-11-16,-73.75,4.75,81.0
1959-12-16,-73.75,4.75,42.600002
1960-01-16,-73.75,4.75,35.3
1960-02-15,-73.75,4.75,50.3
1960-03-16,-73.75,4.75,45.7
1960-04-16,-73.75,4.75,108.6
1960-05-16,-73.75,4.75,110.700005
1960-06-16,-73.75,4.75,106.700005
1960-07-16,-73.75,4.75,162.7
1960-08-16,-73.75,4.75,155.6
1960-09-16,-73.75,4.75,62.3
1960-10-16,-73.75,4.75,141.1
1960-11-16,-73.75,4.75,57.600002
1960-12-16,-73.75,4.75,68.8
1961-01-16,-73.75,4.75,22.5
1961-02-15,-73.75,4.75,14.8
1961-03-16,-73.75,4.75,89.700005
1961-04-16,-73.75,4.75,127.200005
1961-05-16,-73.75,4.75,57.100002
1961-06-16,-73.75,4.75,117.5
1961-07-16,-73.75,4.75,164.6
1961-08-16,-73.75,4.75,58.100002
1961-09-16,-73.75,4.75,46.7
1961-10-16,-73.75,4.75,136.8
1961-11-16,-73.75,4.75,109.6
1961-12-16,-73.75,4.75,30.4
1962-01-16,-73.75,4.75,20.5
1962-02-15,-73.75,4.75,22.6
1962-03-16,-73.75,4.75,96.0
1962-04-16,-73.75,4.75,105.8
1962-05-16,-73.75,4.75,138.3
1962-06-16,-73.75,4.75,169.3
1962-07-16,-73.75,4.75,109.4
1962-08-16,-73.75,4.75,99.200005
1962-09-16,-73.75,4.75,59.3
1962-10-16,-73.75,4.75,84.200005
1962-11-16,-73.75,4.75,91.4
1962-12-16,-73.75,4.75,47.7
1963-01-16,-73.75,4.75,24.5
1963-02-15,-73.75,4.75,61.8
1963-03-16,-73.75,4.75,54.0
1963-04-16,-73.75,4.75,134.3
1963-05-16,-73.75,4.75,179.3
1963-06-16,-73.75,4.75,112.8
1963-07-16,-73.75,4.75,170.7
1963-08-16,-73.75,4.75,89.1
1963-09-16,-73.75,4.75,41.7
1963-10-16,-73.75,4.75,84.1
1963-11-16,-73.75,4.75,118.1
1963-12-16,-73.75,4.75,18.5
1964-01-16,-73.75,4.75,6.9
1964-02-15,-73.75,4.75,26.9
1964-03-16,-73.75,4.75,19.1
1964-04-16,-73.75,4.75,120.700005
1964-05-16,-73.75,4.75,122.8
1964-06-16,-73.75,4.75,175.0
1964-07-16,-73.75,4.75,187.8
1964-08-16,-73.75,4.75,86.1
1964-09-16,-73.75,4.75,50.7
1964-10-16,-73.75,4.75,113.4
1964-11-16,-73.75,4.75,69.700005
1964-12-16,-73.75,4.75,36.100002
1965-01-16,-73.75,4.75,21.7
1965-02-15,-73.75,4.75,26.6
1965-03-16,-73.75,4.75,33.4
1965-04-16,-73.75,4.75,138.3
1965-05-16,-73.75,4.75,124.6
1965-06-16,-73.75,4.75,51.4
1965-07-16,-73.75,4.75,85.9
1965-08-16,-73.75,4.75,83.0
1965-09-16,-73.75,4.75,35.4
1965-10-16,-73.75,4.75,149.3
1965-11-16,-73.75,4.75,134.0
1965-12-16,-73.75,4.75,36.9
1966-01-16,-73.75,4.75,18.5
1966-02-15,-73.75,4.75,23.7
1966-03-16,-73.75,4.75,70.0
1966-04-16,-73.75,4.75,81.3
1966-05-16,-73.75,4.75,90.4
1966-06-16,-73.75,4.75,179.8
1966-07-16,-73.75,4.75,120.5
1966-08-16,-73.75,4.75,110.9
1966-09-16,-73.75,4.75,92.8
1966-10-16,-73.75,4.75,98.3
1966-11-16,-73.75,4.75,145.6
1966-12-16,-73.75,4.75,75.8
1967-01-16,-73.75,4.75,11.900001
1967-02-15,-73.75,4.75,30.0
1967-03-16,-73.75,4.75,66.0
1967-04-16,-73.75,4.75,149.3
1967-05-16,-73.75,4.75,144.40001
1967-06-16,-73.75,4.75,172.8
1967-07-16,-73.75,4.75,122.200005
1967-08-16,-73.75,4.75,70.700005
1967-09-16,-73.75,4.75,54.600002
1967-10-16,-73.75,4.75,99.200005
1967-11-16,-73.75,4.75,96.9
1967-12-16,-73.75,4.75,40.3
1968-01-16,-73.75,4.75,26.800001
1968-02-15,-73.75,4.75,49.2
1968-03-16,-73.75,4.75,32.2
1968-04-16,-73.75,4.75,222.3
1968-05-16,-73.75,4.75,95.4
1968-06-16,-73.75,4.75,219.8
1968-07-16,-73.75,4.75,112.9
1968-08-16,-73.75,4.75,79.3
1968-09-16,-73.75,4.75,99.1
1968-10-16,-73.75,4.75,140.7
1968-11-16,-73.75,4.75,107.4
1968-12-16,-73.75,4.75,31.9
1969-01-16,-73.75,4.75,61.100002
1969-02-15,-73.75,4.75,51.4
1969-03-16,-73.75,4.75,51.4
1969-04-16,-73.75,4.75,168.1
1969-05-16,-73.75,4.75,110.5
1969-06-16,-73.75,4.75,134.5
1969-07-16,-73.75,4.75,56.8
1969-08-16,-73.75,4.75,78.1
1969-09-16,-73.75,4.75,66.3
1969-10-16,-73.75,4.75,179.3
1969-11-16,-73.75,4.75,70.3
1969-12-16,-73.75,4.75,46.4
1970-01-16,-73.75,4.75,53.9
1970-02-15,-73.75,4.75,48.2
1970-03-16,-73.75,4.75,41.2
1970-04-16,-73.75,4.75,87.9
1970-05-16,-73.75,4.75,143.6
1970-06-16,-73.75,4.75,125.8
1970-07-16,-73.75,4.75,151.1
1970-08-16,-73.75,4.75,97.4
1970-09-16,-73.75,4.75,91.8
1970-10-16,-73.75,4.75,160.6
1970-11-16,-73.75,4.75,94.700005
1970-12-16,-73.75,4.75,38.100002
1971-01-16,-73.75,4.75,54.0
1971-02-15,-73.75,4.75,61.8
1971-03-16,-73.75,4.75,90.3
1971-04-16,-73.75,4.75,108.4
1971-05-16,-73.75,4.75,175.5
1971-06-16,-73.75,4.75,115.1
1971-07-16,-73.75,4.75,131.5
1971-08-16,-73.75,4.75,128.90001
1971-09-16,-73.75,4.75,90.0
1971-10-16,-73.75,4.75,100.700005
1971-11-16,-73.75,4.75,78.3
1971-12-16,-73.75,4.75,46.600002
1972-01-16,-73.75,4.75,81.6
1972-02-15,-73.75,4.75,54.9
1972-03-16,-73.75,4.75,87.9
1972-04-16,-73.75,4.75,177.0
1972-05-16,-73.75,4.75,124.3
1972-06-16,-73.75,4.75,159.0
1972-07-16,-73.75,4.75,101.3
1972-08-16,-73.75,4.75,102.6
1972-09-16,-73.75,4.75,55.3
1972-10-16,-73.75,4.75,86.0
1972-11-16,-73.75,4.75,98.6
1972-12-16,-73.75,4.75,27.0
1973-01-16,-73.75,4.75,6.9
1973-02-15,-73.75,4.75,10.6
1973-03-16,-73.75,4.75,50.100002
1973-04-16,-73.75,4.75,87.6
1973-05-16,-73.75,4.75,112.0
1973-06-16,-73.75,4.75,124.200005
1973-07-16,-73.75,4.75,158.7
1973-08-16,-73.75,4.75,184.90001
1973-09-16,-73.75,4.75,134.40001
1973-10-16,-73.75,4.75,127.9
1973-11-16,-73.75,4.75,100.4
1973-12-16,-73.75,4.75,83.5
1974-01-16,-73.75,4.75,40.3
1974-02-15,-73.75,4.75,71.200005
1974-03-16,-73.75,4.75,86.0
1974-04-16,-73.75,4.75,110.6
1974-05-16,-73.75,4.75,109.9
1974-06-16,-73.75,4.75,113.6
1974-07-16,-73.75,4.75,81.0
1974-08-16,-73.75,4.75,81.9
1974-09-16,-73.75,4.75,103.200005
1974-10-16,-73.75,4.75,108.200005
1974-11-16,-73.75,4.75,96.200005
1974-12-16,-73.75,4.75,15.3
1975-01-16,-73.75,4.75,4.6
1975-02-15,-73.75,4.75,54.8
1975-03-16,-73.75,4.75,85.9
1975-04-16,-73.75,4.75,95.200005
1975-05-16,-73.75,4.75,128.90001
1975-06-16,-73.75,4.75,128.1
1975-07-16,-73.75,4.75,257.0
1975-08-16,-73.75,4.75,119.8
1975-09-16,-73.75,4.75,74.5
1975-10-16,-73.75,4.75,145.2
1975-11-16,-73.75,4.75,81.200005
1975-12-16,-73.75,4.75,105.0
1976-01-16,-73.75,4.75,10.0
1976-02-15,-73.75,4.75,43.4
1976-03-16,-73.75,4.75,102.3
1976-04-16,-73.75,4.75,124.9
1976-05-16,-73.75,4.75,110.9
1976-06-16,-73.75,4.75,112.1
1976-07-16,-73.75,4.75,71.200005
1976-08-16,-73.75,4.75,66.0
1976-09-16,-73.75,4.75,85.6
1976-10-16,-73.75,4.75,153.40001
1976-11-16,-73.75,4.75,78.8
1976-12-16,-73.75,4.75,58.100002
1977-01-16,-73.75,4.75,4.2000003
1977-02-15,-73.75,4.75,12.7
1977-03-16,-73.75,4.75,69.200005
1977-04-16,-73.75,4.75,97.1
1977-05-16,-73.75,4.75,85.3
1977-06-16,-73.75,4.75,104.8
1977-07-16,-73.75,4.75,121.200005
1977-08-16,-73.75,4.75,94.700005
1977-09-16,-73.75,4.75,108.1
1977-10-16,-73.75,4.75,109.8
1977-11-16,-73.75,4.75,109.9
1977-12-16,-73.75,4.75,34.2
1978-01-16,-73.75,4.75,11.7
1978-02-15,-73.75,4.75,38.4
1978-03-16,-73.75,4.75,102.8
1978-04-16,-73.75,4.75,158.6
1978-05-16,-73.75,4.75,125.4
1978-06-16,-73.75,4.75,135.3
1978-07-16,-73.75,4.75,125.200005
1978-08-16,-73.75,4.75,50.8
1978-09-16,-73.75,4.75,94.9
1978-10-16,-73.75,4.75,96.200005
1978-11-16,-73.75,4.75,74.200005
1978-12-16,-73.75,4.75,44.4
1979-01-16,-73.75,4.75,15.6
1979-02-15,-73.75,4.75,25.300001
1979-03-16,-73.75,4.75,75.1
1979-04-16,-73.75,4.75,181.8
1979-05-16,-73.75,4.75,118.6
1979-06-16,-73.75,4.75,179.5
1979-07-16,-73.75,4.75,119.6
1979-08-16,-73.75,4.75,147.2
1979-09-16,-73.75,4.75,73.200005
1979-10-16,-73.75,4.75,137.3
1979-11-16,-73.75,4.75,159.90001
1979-12-16,-73.75,4.75,36.4
1980-01-16,-73.75,4.75,25.5
1980-02-15,-73.75,4.75,49.7
1980-03-16,-73.75,4.75,38.7
1980-04-16,-73.75,4.75,100.8
1980-05-16,-73.75,4.75,94.0
1980-06-16,-73.75,4.75,194.40001
1980-07-16,-73.75,4.75,93.6
1980-08-16,-73.75,4.75,113.8
1980-09-16,-73.75,4.75,96.0
1980-10-16,-73.75,4.75,103.3
1980-11-16,-73.75,4.75,59.5
1980-12-16,-73.75,4.75,53.3
1981-01-16,-73.75,4.75,10.6
1981-02-15,-73.75,4.75,68.0
1981-03-16,-73.75,4.75,34.5
1981-04-16,-73.75,4.75,178.0
1981-05-16,-73.75,4.75,236.90001
1981-06-16,-73.75,4.75,163.90001
1981-07-16,-73.75,4.75,101.5
1981-08-16,-73.75,4.75,140.7
1981-09-16,-73.75,4.75,71.6
1981-10-16,-73.75,4.75,115.9
1981-11-16,-73.75,4.75,89.9
1981-12-16,-73.75,4.75,42.0
1982-01-16,-73.75,4.75,38.2
1982-02-15,-73.75,4.75,60.8
1982-03-16,-73.75,4.75,79.8
1982-04-16,-73.75,4.75,228.40001
1982-05-16,-73.75,4.75,130.90001
1982-06-16,-73.75,4.75,86.0
1982-07-16,-73.75,4.75,86.1
1982-08-16,-73.75,4.75,61.3
1982-09-16,-73.75,4.75,52.4
1982-10-16,-73.75,4.75,119.200005
1982-11-16,-73.75,4.75,83.6
1982-12-16,-73.75,4.75,41.0
1983-01-16,-73.75,4.75,18.9
1983-02-15,-73.75,4.75,58.4
1983-03-16,-73.75,4.75,100.4
1983-04-16,-73.75,4.75,178.7
1983-05-16,-73.75,4.75,117.4
1983-06-16,-73.75,4.75,80.9
1983-07-16,-73.75,4.75,107.9
1983-08-16,-73.75,4.75,83.8
1983-09-16,-73.75,4.75,53.5
1983-10-16,-73.75,4.75,101.0
1983-11-16,-73.75,4.75,48.0
1983-12-16,-73.75,4.75,66.200005
1984-01-16,-73.75,4.75,67.1
1984-02-15,-73.75,4.75,76.1
1984-03-16,-73.75,4.75,52.8
1984-04-16,-73.75,4.75,127.4
1984-05-16,-73.75,4.75,137.2
1984-06-16,-73.75,4.75,194.40001
1984-07-16,-73.75,4.75,114.5
1984-08-16,-73.75,4.75,167.3
1984-09-16,-73.75,4.75,135.90001
1984-10-16,-73.75,4.75,107.9
1984-11-16,-73.75,4.75,113.700005
1984-12-16,-73.75,4.75,21.2
1985-01-16,-73.75,4.75,17.300001
1985-02-15,-73.75,4.75,8.0
1985-03-16,-73.75,4.75,48.100002
1985-04-16,-73.75,4.75,83.5
1985-05-16,-73.75,4.75,139.90001
1985-06-16,-73.75,4.75,99.5
1985-07-16,-73.75,4.75,124.5
1985-08-16,-73.75,4.75,138.5
1985-09-16,-73.75,4.75,105.3
1985-10-16,-73.75,4.75,119.8
1985-11-16,-73.75,4.75,100.5
1985-12-16,-73.75,4.75,38.4
1986-01-16,-73.75,4.75,25.9
1986-02-15,-73.75,4.75,92.6
1986-03-16,-73.75,4.75,72.9
1986-04-16,-73.75,4.75,115.200005
1986-05-16,-73.75,4.75,111.0
1986-06-16,-73.75,4.75,163.6
1986-07-16,-73.75,4.75,91.9
1986-08-16,-73.75,4.75,71.9
1986-09-16,-73.75,4.75,80.4
1986-10-16,-73.75,4.75,189.40001
1986-11-16,-73.75,4.75,103.200005
1986-12-16,-73.75,4.75,16.5
1987-01-16,-73.75,4.75,36.5
1987-02-15,-73.75,4.75,29.1
1987-03-16,-73.75,4.75,58.100002
1987-04-16,-73.75,4.75,124.6
1987-05-16,-73.75,4.75,139.1
1987-06-16,-73.75,4.75,82.200005
1987-07-16,-73.75,4.75,202.2
1987-08-16,-73.75,4.75,89.6
1987-09-16,-73.75,4.75,77.1
1987-10-16,-73.75,4.75,153.2
1987-11-16,-73.75,4.75,86.200005
1987-12-16,-73.75,4.75,33.9
1988-01-16,-73.75,4.75,14.0
1988-02-15,-73.75,4.75,49.3
1988-03-16,-73.75,4.75,36.600002
1988-04-16,-73.75,4.75,129.2
1988-05-16,-73.75,4.75,92.9
1988-06-16,-73.75,4.75,140.3
1988-07-16,-73.75,4.75,182.3
1988-08-16,-73.75,4.75,161.7
1988-09-16,-73.75,4.75,114.4
1988-10-16,-73.75,4.75,123.200005
1988-11-16,-73.75,4.75,137.5
1988-12-16,-73.75,4.75,66.8
1989-01-16,-73.75,4.75,23.300001
1989-02-15,-73.75,4.75,64.700005
1989-03-16,-73.75,4.75,113.0
1989-04-16,-73.75,4.75,71.200005
1989-05-16,-73.75,4.75,126.0
1989-06-16,-73.75,4.75,111.200005
1989-07-16,-73.75,4.75,104.4
1989-08-16,-73.75,4.75,85.1
1989-09-16,-73.75,4.75,101.8
1989-10-16,-73.75,4.75,89.1
1989-11-16,-73.75,4.75,74.8
1989-12-16,-73.75,4.75,47.2
1990-01-16,-73.75,4.75,30.0
1990-02-15,-73.75,4.75,66.3
1990-03-16,-73.75,4.75,72.1
1990-04-16,-73.75,4.75,143.6
1990-05-16,-73.75,4.75,122.9
1990-06-16,-73.75,4.75,73.0
1990-07-16,-73.75,4.75,115.8
1990-08-16,-73.75,4.75,55.7
1990-09-16,-73.75,4.75,58.9
1990-10-16,-73.75,4.75,137.40001
1990-11-16,-73.75,4.75,82.8
1990-12-16,-73.75,4.75,69.1
1991-01-16,-73.75,4.75,21.7
1991-02-15,-73.75,4.75,29.6
1991-03-16,-73.75,4.75,128.5
1991-04-16,-73.75,4.75,124.700005
1991-05-16,-73.75,4.75,122.9
1991-06-16,-73.75,4.75,110.6
1991-07-16,-73.75,4.75,131.1
1991-08-16,-73.75,4.75,84.8
1991-09-16,-73.75,4.75,77.6
1991-10-16,-73.75,4.75,66.0
1991-11-16,-73.75,4.75,88.0
1991-12-16,-73.75,4.75,52.4
1992-01-16,-73.75,4.75,21.6
1992-02-15,-73.75,4.75,24.2
1992-03-16,-73.75,4.75,43.8
1992-04-16,-73.75,4.75,75.3
1992-05-16,-73.75,4.75,83.9
1992-06-16,-73.75,4.75,75.4
1992-07-16,-73.75,4.75,99.200005
1992-08-16,-73.75,4.75,79.200005
1992-09-16,-73.75,4.75,79.4
1992-10-16,-73.75,4.75,58.3
1992-11-16,-73.75,4.75,102.3
1992-12-16,-73.75,4.75,55.3
1993-01-16,-73.75,4.75,39.3
1993-02-15,-73.75,4.75,48.7
1993-03-16,-73.75,4.75,90.4
1993-04-16,-73.75,4.75,132.2
1993-05-16,-73.75,4.75,132.0
1993-06-16,-73.75,4.75,67.4
1993-07-16,-73.75,4.75,166.2
1993-08-16,-73.75,4.75,73.200005
1993-09-16,-73.75,4.75,116.6
1993-10-16,-73.75,4.75,98.8
1993-11-16,-73.75,4.75,134.7
1993-12-16,-73.75,4.75,47.9
1994-01-16,-73.75,4.75,42.2
1994-02-15,-73.75,4.75,54.5
1994-03-16,-73.75,4.75,104.6
1994-04-16,-73.75,4.75,118.5
1994-05-16,-73.75,4.75,123.8
1994-06-16,-73.75,4.75,89.9
1994-07-16,-73.75,4.75,125.700005
1994-08-16,-73.75,4.75,74.8
1994-09-16,-73.75,4.75,80.4
1994-10-16,-73.75,4.75,144.8
1994-11-16,-73.75,4.75,120.700005
1994-12-16,-73.75,4.75,28.4
1995-01-16,-73.75,4.75,18.9
1995-02-15,-73.75,4.75,25.800001
1995-03-16,-73.75,4.75,81.9
1995-04-16,-73.75,4.75,130.5
1995-05-16,-73.75,4.75,139.5
1995-06-16,-73.75,4.75,162.90001
1995-07-16,-73.75,4.75,187.1
1995-08-16,-73.75,4.75,122.6
1995-09-16,-73.75,4.75,80.1
1995-10-16,-73.75,4.75,112.3
1995-11-16,-73.75,4.75,83.0
1995-12-16,-73.75,4.75,65.1
1996-01-16,-73.75,4.75,33.4
1996-02-15,-73.75,4.75,78.9
1996-03-16,-73.75,4.75,94.5
1996-04-16,-73.75,4.75,107.1
1996-05-16,-73.75,4.75,156.0
1996-06-16,-73.75,4.75,148.2
1996-07-16,-73.75,4.75,177.40001
1996-08-16,-73.75,4.75,107.9
1996-09-16,-73.75,4.75,68.8
1996-10-16,-73.75,4.75,126.3
1996-11-16,-73.75,4.75,97.6
1996-12-16,-73.75,4.75,51.5
1997-01-16,-73.75,4.75,73.0
1997-02-15,-73.75,4.75,38.0
1997-03-16,-73.75,4.75,59.2
1997-04-16,-73.75,4.75,109.8
1997-05-16,-73.75,4.75,93.8
1997-06-16,-73.75,4.75,179.3
1997-07-16,-73.75,4.75,75.6
1997-08-16,-73.75,4.75,38.2
1997-09-16,-73.75,4.75,79.5
1997-10-16,-73.75,4.75,67.3
1997-11-16,-73.75,4.75,71.200005
1997-12-16,-73.75,4.75,14.7
1998-01-16,-73.75,4.75,11.900001
1998-02-15,-73.75,4.75,49.7
1998-03-16,-73.75,4.75,78.9
1998-04-16,-73.75,4.75,121.3
1998-05-16,-73.75,4.75,169.8
1998-06-16,-73.75,4.75,114.0
1998-07-16,-73.75,4.75,207.0
1998-08-16,-73.75,4.75,111.1
1998-09-16,-73.75,4.75,106.4
1998-10-16,-73.75,4.75,133.0
1998-11-16,-73.75,4.75,102.3
1998-12-16,-73.75,4.75,82.6
1999-01-16,-73.75,4.75,45.5
1999-02-15,-73.75,4.75,106.700005
1999-03-16,-73.75,4.75,73.700005
1999-04-16,-73.75,4.75,125.0
1999-05-16,-73.75,4.75,101.3
1999-06-16,-73.75,4.75,193.1
1999-07-16,-73.75,4.75,95.9
1999-08-16,-73.75,4.75,94.5
1999-09-16,-73.75,4.75,144.90001
1999-10-16,-73.75,4.75,161.6
1999-11-16,-73.75,4.75,112.700005
1999-12-16,-73.75,4.75,63.8
2000-01-16,-73.75,4.75,40.100002
2000-02-15,-73.75,4.75,97.6
2000-03-16,-73.75,4.75,87.1
2000-04-16,-73.75,4.75,91.6
2000-05-16,-73.75,4.75,157.0
2000-06-16,-73.75,4.75,141.6
2000-07-16,-73.75,4.75,177.1
2000-08-16,-73.75,4.75,92.700005
2000-09-16,-73.75,4.75,116.200005
2000-10-16,-73.75,4.75,94.200005
2000-11-16,-73.75,4.75,69.3
2000-12-16,-73.75,4.75,43.600002
2001-01-16,-73.75,4.75,21.5
2001-02-15,-73.75,4.75,25.2
2001-03-16,-73.75,4.75,83.5
2001-04-16,-73.75,4.75,86.700005
2001-05-16,-73.75,4.75,126.4
2001-06-16,-73.75,4.75,124.8
2001-07-16,-73.75,4.75,143.40001
2001-08-16,-73.75,4.75,54.3
2001-09-16,-73.75,4.75,80.1
2001-10-16,-73.75,4.75,112.200005
2001-11-16,-73.75,4.75,84.8
2001-12-16,-73.75,4.75,80.1
2002-01-16,-73.75,4.75,13.400001
2002-02-15,-73.75,4.75,18.9
2002-03-16,-73.75,4.75,110.3
2002-04-16,-73.75,4.75,168.1
2002-05-16,-73.75,4.75,165.0
2002-06-16,-73.75,4.75,190.7
2002-07-16,-73.75,4.75,146.8
2002-08-16,-73.75,4.75,72.6
2002-09-16,-73.75,4.75,80.4
2002-10-16,-73.75,4.75,104.3
2002-11-16,-73.75,4.75,76.8
2002-12-16,-73.75,4.75,55.2
2003-01-16,-73.75,4.75,11.2
2003-02-15,-73.75,4.75,23.5
2003-03-16,-73.75,4.75,78.1
2003-04-16,-73.75,4.75,145.8
2003-05-16,-73.75,4.75,78.9
2003-06-16,-73.75,4.75,224.40001
2003-07-16,-73.75,4.75,86.700005
2003-08-16,-73.75,4.75,101.8
2003-09-16,-73.75,4.75,86.9
2003-10-16,-73.75,4.75,104.8
2003-11-16,-73.75,4.75,132.6
2003-12-16,-73.75,4.75,53.4
2004-01-16,-73.75,4.75,23.1
2004-02-15,-73.75,4.75,77.1
2004-03-16,-73.75,4.75,42.100002
2004-04-16,-73.75,4.75,170.90001
2004-05-16,-73.75,4.75,134.0
2004-06-16,-73.75,4.75,101.200005
2004-07-16,-73.75,4.75,148.6
2004-08-16,-73.75,4.75,69.0
2004-09-16,-73.75,4.75,86.5
2004-10-16,-73.75,4.75,123.5
2004-11-16,-73.75,4.75,114.4
2004-12-16,-73.75,4.75,63.8
2005-01-16,-73.75,4.75,37.3
2005-02-15,-73.75,4.75,68.3
2005-03-16,-73.75,4.75,64.200005
2005-04-16,-73.75,4.75,116.3
2005-05-16,-73.75,4.75,169.0
2005-06-16,-73.75,4.75,120.1
2005-07-16,-73.75,4.75,114.9
2005-08-16,-73.75,4.75,123.1
2005-09-16,-73.75,4.75,75.5
2005-10-16,-73.75,4.75,142.0
2005-11-16,-73.75,4.75,98.0
2005-12-16,-73.75,4.75,60.600002
2006-01-16,-73.75,4.75,59.100002
2006-02-15,-73.75,4.75,40.2
2006-03-16,-73.75,4.75,151.3
2006-04-16,-73.75,4.75,146.6
2006-05-16,-73.75,4.75,164.8
2006-06-16,-73.75,4.75,187.90001
2006-07-16,-73.75,4.75,130.40001
2006-08-16,-73.75,4.75,58.100002
2006-09-16,-73.75,4.75,51.9
2006-10-16,-73.75,4.75,147.2
2006-11-16,-73.75,4.75,112.3
2006-12-16,-73.75,4.75,53.600002
2007-01-16,-73.75,4.75,13.3
2007-02-15,-73.75,4.75,16.2
2007-03-16,-73.75,4.75,99.200005
2007-04-16,-73.75,4.75,154.2
2007-05-16,-73.75,4.75,142.90001
2007-06-16,-73.75,4.75,104.8
2007-07-16,-73.75,4.75,159.8
2007-08-16,-73.75,4.75,126.6
2007-09-16,-73.75,4.75,56.7
2007-10-16,-73.75,4.75,152.1
2007-11-16,-73.75,4.75,96.700005
2007-12-16,-73.75,4.75,61.4
2008-01-16,-73.75,4.75,24.800001
2008-02-15,-73.75,4.75,55.4
2008-03-16,-73.75,4.75,66.200005
2008-04-16,-73.75,4.75,141.0
2008-05-16,-73.75,4.75,275.7
2008-06-16,-73.75,4.75,163.1
2008-07-16,-73.75,4.75,227.40001
2008-08-16,-73.75,4.75,150.6
2008-09-16,-73.75,4.75,81.200005
2008-10-16,-73.75,4.75,123.1
2008-11-16,-73.75,4.75,131.2
2008-12-16,-73.75,4.75,66.5
2009-01-16,-73.75,4.75,42.100002
2009-02-15,-73.75,4.75,63.600002
2009-03-16,-73.75,4.75,119.6
2009-04-16,-73.75,4.75,95.8
2009-05-16,-73.75,4.75,120.1
2009-06-16,-73.75,4.75,135.3
2009-07-16,-73.75,4.75,108.6
2009-08-16,-73.75,4.75,121.8
2009-09-16,-73.75,4.75,52.5
2009-10-16,-73.75,4.75,133.3
2009-11-16,-73.75,4.75,70.700005
2009-12-16,-73.75,4.75,35.100002
2010-01-16,-73.75,4.75,2.5
2010-02-15,-73.75,4.75,35.100002
2010-03-16,-73.75,4.75,67.1
2010-04-16,-73.75,4.75,186.40001
2010-05-16,-73.75,4.75,167.1
2010-06-16,-73.75,4.75,176.3
2010-07-16,-73.75,4.75,196.8
2010-08-16,-73.75,4.75,95.4
2010-09-16,-73.75,4.75,99.700005
2010-10-16,-73.75,4.75,120.4
2010-11-16,-73.75,4.75,162.90001
2010-12-16,-73.75,4.75,106.6
2011-01-16,-73.75,4.75,36.3
2011-02-15,-73.75,4.75,88.1
2011-03-16,-73.75,4.75,95.5
2011-04-16,-73.75,4.75,267.0
2011-05-16,-73.75,4.75,158.40001
2011-06-16,-73.75,4.75,187.0
2011-07-16,-73.75,4.75,172.3
2011-08-16,-73.75,4.75,97.4
2011-09-16,-73.75,4.75,101.4
2011-10-16,-73.75,4.75,136.3
2011-11-16,-73.75,4.75,147.2
2011-12-16,-73.75,4.75,84.0
2012-01-16,-73.75,4.75,33.7
2012-02-15,-73.75,4.75,33.0
2012-03-16,-73.75,4.75,84.6
2012-04-16,-73.75,4.75,162.7
2012-05-16,-73.75,4.75,83.4
2012-06-16,-73.75,4.75,80.700005
2012-07-16,-73.75,4.75,106.1
2012-08-16,-73.75,4.75,75.0
2012-09-16,-73.75,4.75,35.600002
2012-10-16,-73.75,4.75,108.4
2012-11-16,-73.75,4.75,72.3
2012-12-16,-73.75,4.75,81.700005
2013-01-16,-73.75,4.75,10.5
2013-02-15,-73.75,4.75,71.5
2013-03-16,-73.75,4.75,59.8
2013-04-16,-73.75,4.75,87.0
2013-05-16,-73.75,4.75,161.6
2013-06-16,-73.75,4.75,98.6
2013-07-16,-73.75,4.75,58.4
2013-08-16,-73.75,4.75,127.1
2013-09-16,-73.75,4.75,64.8
2013-10-16,-73.75,4.75,86.6
2013-11-16,-73.75,4.75,97.200005
2013-12-16,-73.75,4.75,51.3
2014-01-16,-73.75,4.75,25.9
2014-02-15,-73.75,4.75,47.4
2014-03-16,-73.75,4.75,74.1
2014-04-16,-73.75,4.75,94.6
2014-05-16,-73.75,4.75,104.700005
2014-06-16,-73.75,4.75,101.1
2014-07-16,-73.75,4.75,76.1
2014-08-16,-73.75,4.75,76.3
2014-09-16,-73.75,4.75,56.4
2014-10-16,-73.75,4.75,110.4
2014-11-16,-73.75,4.75,103.1
2014-12-16,-73.75,4.75,62.3
2015-01-16,-73.75,4.75,41.0
2015-02-15,-73.75,4.75,31.6
2015-03-16,-73.75,4.75,91.1
2015-04-16,-73.75,4.75,103.3
2015-05-16,-73.75,4.75,64.4
2015-06-16,-73.75,4.75,56.7
2015-07-16,-73.75,4.75,100.1
2015-08-16,-73.75,4.75,66.9
2015-09-16,-73.75,4.75,49.3
2015-10-16,-73.75,4.75,81.0
2015-11-16,-73.75,4.75,82.8
2015-12-16,-73.75,4.75,20.9
2016-01-16,-73.75,4.75,32.2
2016-02-15,-73.75,4.75,19.800001
2016-03-16,-73.75,4.75,71.9
2016-04-16,-73.75,4.75,145.6
2016-05-16,-73.75,4.75,98.6
2016-06-16,-73.75,4.75,64.9
2016-07-16,-73.75,4.75,113.0
2016-08-16,-73.75,4.75,107.200005
2016-09-16,-73.75,4.75,91.9
2016-10-16,-73.75,4.75,98.700005
2016-11-16,-73.75,4.75,41.100002
2016-12-16,-73.75,4.75,37.8
2017-01-16,-73.75,4.75,24.7
2017-02-15,-73.75,4.75,57.9
2017-03-16,-73.75,4.75,42.0
2017-04-16,-73.75,4.75,111.3
2017-05-16,-73.75,4.75,71.1
2017-06-16,-73.75,4.75,92.8
2017-07-16,-73.75,4.75,68.1
2017-08-16,-73.75,4.75,129.0
2017-09-16,-73.75,4.75,49.600002
2017-10-16,-73.75,4.75,115.5
2017-11-16,-73.75,4.75,97.9
2017-12-16,-73.75,4.75,46.0
2018-01-16,-73.75,4.75,39.4
2018-02-15,-73.75,4.75,30.2
2018-03-16,-73.75,4.75,59.2
2018-04-16,-73.75,4.75,132.1
2018-05-16,-73.75,4.75,177.7
2018-06-16,-73.75,4.75,123.200005
2018-07-16,-73.75,4.75,130.8
2018-08-16,-73.75,4.75,89.1
2018-09-16,-73.75,4.75,90.3
2018-10-16,-73.75,4.75,122.700005
2018-11-16,-73.75,4.75,96.8
2018-12-16,-73.75,4.75,14.900001
